{"cameraMode":{"drawMode":0,"name":"Shaded","section":"Shading Mode"},"sceneLighting":false,"audioPlay":false,"sceneViewState":{"m_AlwaysRefresh":false,"showFog":true,"showSkybox":true,"showFlares":true,"showImageEffects":true,"showParticleSystems":true,"showVisualEffectGraphs":true,"m_FxEnabled":true},"in2DMode":false,"pivot":{"x":6.06207275390625,"y":-10.385817527770996,"z":38.581058502197269},"rotation":{"x":0.07918143272399903,"y":0.11635879427194596,"z":-0.009303197264671326,"w":0.9900277853012085},"size":25.48705291748047,"orthographic":false}