{"cameraMode":{"drawMode":0,"name":"Shaded","section":"Shading Mode"},"sceneLighting":false,"audioPlay":false,"sceneViewState":{"m_AlwaysRefresh":false,"showFog":true,"showSkybox":true,"showFlares":true,"showImageEffects":true,"showParticleSystems":true,"showVisualEffectGraphs":true,"m_FxEnabled":true},"in2DMode":false,"pivot":{"x":-0.30560800433158877,"y":-3.5520505905151369,"z":13.310540199279786},"rotation":{"x":0.02123219519853592,"y":0.0608610138297081,"z":-0.0012912770034745336,"w":0.9979271292686462},"size":10.594693183898926,"orthographic":false}