{"cameraMode":{"drawMode":0,"name":"Shaded","section":"Shading Mode"},"sceneLighting":false,"audioPlay":false,"sceneViewState":{"m_AlwaysRefresh":false,"showFog":true,"showSkybox":true,"showFlares":true,"showImageEffects":true,"showParticleSystems":true,"showVisualEffectGraphs":true,"m_FxEnabled":true},"in2DMode":false,"pivot":{"x":-0.12858933210372926,"y":-3.4237194061279299,"z":3.1337547302246095},"rotation":{"x":0.04978345334529877,"y":0.014975378289818764,"z":-0.0007451392593793571,"w":0.9986539483070374},"size":9.910849571228028,"orthographic":false}