{"cameraMode":{"drawMode":0,"name":"Shaded","section":"Shading Mode"},"sceneLighting":false,"audioPlay":false,"sceneViewState":{"m_AlwaysRefresh":false,"showFog":true,"showSkybox":true,"showFlares":true,"showImageEffects":true,"showParticleSystems":true,"showVisualEffectGraphs":true,"m_FxEnabled":true},"in2DMode":false,"pivot":{"x":-0.3339199125766754,"y":-5.913062572479248,"z":-17.5815372467041},"rotation":{"x":0.019188256934285165,"y":-0.014399643056094647,"z":-0.00028178529464639723,"w":-0.9997218251228333},"size":2.6249423027038576,"orthographic":false}