{"cameraMode":{"drawMode":0,"name":"Shaded","section":"Shading Mode"},"sceneLighting":false,"audioPlay":false,"sceneViewState":{"m_AlwaysRefresh":false,"showFog":true,"showSkybox":true,"showFlares":true,"showImageEffects":true,"showParticleSystems":true,"showVisualEffectGraphs":true,"m_FxEnabled":true},"in2DMode":false,"pivot":{"x":24.898225784301759,"y":-1.0278321504592896,"z":17.957250595092775},"rotation":{"x":-0.05340585857629776,"y":0.4458144009113312,"z":0.026659006252884866,"w":0.8931384086608887},"size":19.43636131286621,"orthographic":false}