{"cameraMode":{"drawMode":0,"name":"Shaded","section":"Shading Mode"},"sceneLighting":false,"audioPlay":false,"sceneViewState":{"m_AlwaysRefresh":false,"showFog":true,"showSkybox":true,"showFlares":true,"showImageEffects":true,"showParticleSystems":true,"showVisualEffectGraphs":true,"m_FxEnabled":true},"in2DMode":false,"pivot":{"x":-2.461608409881592,"y":-8.446765899658204,"z":11.087675094604493},"rotation":{"x":-0.07072985917329788,"y":0.02453295886516571,"z":-0.0017392003210261465,"w":-0.9972029328346252},"size":19.92157745361328,"orthographic":false}