{"cameraMode":{"drawMode":0,"name":"Shaded","section":"Shading Mode"},"sceneLighting":false,"audioPlay":false,"sceneViewState":{"m_AlwaysRefresh":false,"showFog":true,"showSkybox":true,"showFlares":true,"showImageEffects":true,"showParticleSystems":true,"showVisualEffectGraphs":true,"m_FxEnabled":true},"in2DMode":false,"pivot":{"x":-0.6417993307113648,"y":-5.151579856872559,"z":3.2366302013397219},"rotation":{"x":0.15562555193901063,"y":0.012754712253808976,"z":-0.0020072401966899635,"w":0.9877376556396484},"size":7.785281658172607,"orthographic":false}