{"cameraMode":{"drawMode":0,"name":"Shaded","section":"Shading Mode"},"sceneLighting":false,"audioPlay":false,"sceneViewState":{"m_AlwaysRefresh":false,"showFog":true,"showSkybox":false,"showFlares":true,"showImageEffects":true,"showParticleSystems":true,"showVisualEffectGraphs":true,"m_FxEnabled":true},"in2DMode":false,"pivot":{"x":3.3553028106689455,"y":-3.556364059448242,"z":4.136791229248047},"rotation":{"x":0.04079192131757736,"y":-0.01767212711274624,"z":0.0007228137110359967,"w":0.9990177154541016},"size":27.422950744628908,"orthographic":false}